<?xml version="1.0" encoding="UTF-8" standalone="yes"?>
<projectConfiguration>
    <configVersion>2</configVersion>
    <relativeTo>WORKSPACE</relativeTo>
    <referencedLibrary type="PYTHON" name="RequestsLibrary" path="D:/python/Lib/site-packages/RequestsLibrary/__init__.py"/>
    <pythonpath/>
    <classpath/>
    <excludedForValidation/>
    <isValidatedFileSizeCheckingEnabled>true</isValidatedFileSizeCheckingEnabled>
    <validatedFileMaxSize>1024</validatedFileMaxSize>
</projectConfiguration>
